Delta,Time,CPU_FREQUENCY_0,CPU_FREQUENCY_1,CPU_FREQUENCY_10,CPU_FREQUENCY_11,CPU_FREQUENCY_12,CPU_FREQUENCY_13,CPU_FREQUENCY_14,CPU_FREQUENCY_15,CPU_FREQUENCY_16,CPU_FREQUENCY_17,CPU_FREQUENCY_18,CPU_FREQUENCY_19,CPU_FREQUENCY_2,CPU_FREQUENCY_3,CPU_FREQUENCY_4,CPU_FREQUENCY_5,CPU_FREQUENCY_6,CPU_FREQUENCY_7,CPU_FREQUENCY_8,CPU_FREQUENCY_9,CPU_USAGE_0,CPU_USAGE_1,CPU_USAGE_10,CPU_USAGE_11,CPU_USAGE_12,CPU_USAGE_13,CPU_USAGE_14,CPU_USAGE_15,CPU_USAGE_16,CPU_USAGE_17,CPU_USAGE_18,CPU_USAGE_19,CPU_USAGE_2,CPU_USAGE_3,CPU_USAGE_4,CPU_USAGE_5,CPU_USAGE_6,CPU_USAGE_7,CPU_USAGE_8,CPU_USAGE_9,DRAM_ENERGY (J),GPU0_MEMORY_TOTAL,GPU0_MEMORY_USED,GPU0_POWER (mWatts),GPU0_TEMPERATURE,GPU0_USAGE,PACKAGE_ENERGY (J),PP0_ENERGY (J),PP1_ENERGY (J),TOTAL_MEMORY,TOTAL_SWAP,USED_MEMORY,USED_SWAP
0,1771898688698,400,400,400,504,2453,2400,2446,2461,2424,400,2415,2398,400,400,1041,400,3133,400,400,400,0,0,0,4.34782600402832,8.69565200805664,4.34782600402832,0,0,12.5,12,0,0,0,0,21.7391300201416,0,4.545454502105713,4.34782600402832,8.333333969116211,0,0,16376,8605,5108,43,0,132312.3773803711,9594.723388671875,264.324462890625,33336799232,0,5624459264,0
200,1771898688698,400,400,400,504,2453,2400,2446,2461,2424,400,2415,2398,400,400,1041,400,3133,400,400,400,0,0,0,4.34782600402832,8.69565200805664,4.34782600402832,0,0,12.5,12,0,0,0,0,21.7391300201416,0,4.545454502105713,4.34782600402832,8.333333969116211,0,0,16376,8605,5108,43,0,132312.62622070313,9594.802551269531,264.324462890625,33336799232,0,5640859648,0
200,1771898688898,400,400,400,504,2453,2400,2446,2461,2424,400,2415,2398,400,400,1041,400,3133,400,400,400,46.153846740722656,0,11.111111640930176,0,0,0,3.7037036418914795,7.142857551574707,8,0,3.7037036418914795,3.846153974533081,7.407407283782959,0,0,0,80.76922607421875,0,16,8,0,16376,8605,9413,45,95,132315.765625,9596.411315917969,264.324462890625,33336799232,0,5655887872,0
17,1771898689099,400,400,400,504,2453,2400,2446,2461,2424,400,2415,2398,400,400,1041,400,3133,400,400,400,85.71428680419922,0,4.761904716491699,0,0,0,0,0,0,0,0,0,0,0,4.761904716491699,0,89.47368621826172,0,15.000000953674316,0,0,16376,8605,17706,45,95,132319.19018554688,9598.253295898438,264.324462890625,33336799232,0,5666164736,0
