Delta,Time,CPU_FREQUENCY_0,CPU_FREQUENCY_1,CPU_FREQUENCY_10,CPU_FREQUENCY_11,CPU_FREQUENCY_12,CPU_FREQUENCY_13,CPU_FREQUENCY_14,CPU_FREQUENCY_15,CPU_FREQUENCY_16,CPU_FREQUENCY_17,CPU_FREQUENCY_18,CPU_FREQUENCY_19,CPU_FREQUENCY_2,CPU_FREQUENCY_3,CPU_FREQUENCY_4,CPU_FREQUENCY_5,CPU_FREQUENCY_6,CPU_FREQUENCY_7,CPU_FREQUENCY_8,CPU_FREQUENCY_9,CPU_USAGE_0,CPU_USAGE_1,CPU_USAGE_10,CPU_USAGE_11,CPU_USAGE_12,CPU_USAGE_13,CPU_USAGE_14,CPU_USAGE_15,CPU_USAGE_16,CPU_USAGE_17,CPU_USAGE_18,CPU_USAGE_19,CPU_USAGE_2,CPU_USAGE_3,CPU_USAGE_4,CPU_USAGE_5,CPU_USAGE_6,CPU_USAGE_7,CPU_USAGE_8,CPU_USAGE_9,DRAM_ENERGY (J),GPU0_MEMORY_TOTAL,GPU0_MEMORY_USED,GPU0_POWER (mWatts),GPU0_TEMPERATURE,GPU0_USAGE,PACKAGE_ENERGY (J),PP0_ENERGY (J),PP1_ENERGY (J),TOTAL_MEMORY,TOTAL_SWAP,USED_MEMORY,USED_SWAP
0,1771902650988,457,400,400,400,399,399,400,2277,1957,550,400,409,513,1246,3800,400,2649,400,1148,400,4.545454502105713,4.545454502105713,0,0,0,4.545454502105713,0,0,4.545454502105713,0,8.333333969116211,4.545454502105713,0,4.545454502105713,4.545454502105713,4.34782600402832,0,4.34782600402832,0,0,0,16376,13708,5144,43,0,162888.95336914063,12031.518676757813,264.824951171875,33336799232,0,6166196224,0
200,1771902650988,457,400,400,400,399,399,400,2277,1957,550,400,409,513,1246,3800,400,2649,400,1148,400,4.545454502105713,4.545454502105713,0,0,0,4.545454502105713,0,0,4.545454502105713,0,8.333333969116211,4.545454502105713,0,4.545454502105713,4.545454502105713,4.34782600402832,0,4.34782600402832,0,0,0,16376,13708,5144,43,0,162889.2836303711,12031.661010742188,264.824951171875,33336799232,0,6174093312,0
200,1771902651188,457,400,400,400,399,399,400,2277,1957,550,400,409,513,1246,3800,400,2649,400,1148,400,4,0,14.285715103149414,0,3.846153974533081,4,0,0,14.285715103149414,4,3.846153974533081,0,7.407407283782959,7.692307949066162,3.846153974533081,0,81.48148345947266,0,15.384615898132324,0,0,16376,13708,12442,45,86,162891.8091430664,12032.649475097656,264.824951171875,33336799232,0,6187634688,0
40,1771902651389,457,400,400,400,399,399,400,2277,1957,550,400,409,513,1246,3800,400,2649,400,1148,400,0,0,4.761904716491699,0,0,0,0,0,0,0,0,0,0,0,4.761904716491699,0,47.36842346191406,0,14.285715103149414,0,0,16376,13708,16316,45,0,162893.86401367188,12033.128479003906,264.824951171875,33336799232,0,6200008704,0
