Delta,Time,CPU_FREQUENCY_0,CPU_FREQUENCY_1,CPU_FREQUENCY_10,CPU_FREQUENCY_11,CPU_FREQUENCY_12,CPU_FREQUENCY_13,CPU_FREQUENCY_14,CPU_FREQUENCY_15,CPU_FREQUENCY_16,CPU_FREQUENCY_17,CPU_FREQUENCY_18,CPU_FREQUENCY_19,CPU_FREQUENCY_2,CPU_FREQUENCY_3,CPU_FREQUENCY_4,CPU_FREQUENCY_5,CPU_FREQUENCY_6,CPU_FREQUENCY_7,CPU_FREQUENCY_8,CPU_FREQUENCY_9,CPU_USAGE_0,CPU_USAGE_1,CPU_USAGE_10,CPU_USAGE_11,CPU_USAGE_12,CPU_USAGE_13,CPU_USAGE_14,CPU_USAGE_15,CPU_USAGE_16,CPU_USAGE_17,CPU_USAGE_18,CPU_USAGE_19,CPU_USAGE_2,CPU_USAGE_3,CPU_USAGE_4,CPU_USAGE_5,CPU_USAGE_6,CPU_USAGE_7,CPU_USAGE_8,CPU_USAGE_9,DRAM_ENERGY (J),GPU0_MEMORY_TOTAL,GPU0_MEMORY_USED,GPU0_POWER (mWatts),GPU0_TEMPERATURE,GPU0_USAGE,PACKAGE_ENERGY (J),PP0_ENERGY (J),PP1_ENERGY (J),TOTAL_MEMORY,TOTAL_SWAP,USED_MEMORY,USED_SWAP
0,1771908833551,967,400,1153,400,2493,2455,2401,2494,2399,2212,2311,2398,400,667,478,766,963,731,3700,460,4.34782600402832,0,0,4.34782600402832,4.1666669845581055,0,0,4.545454502105713,8.69565200805664,4.34782600402832,0,4.34782600402832,0,4.34782600402832,4.34782600402832,4.1666669845581055,0,8.333333969116211,0,0,0,16376,13708,5183,42,0,210321.43475341797,15660.560913085938,265.5999755859375,33336799232,0,6241091584,0
200,1771908833551,967,400,1153,400,2493,2455,2401,2494,2399,2212,2311,2398,400,667,478,766,963,731,3700,460,4.34782600402832,0,0,4.34782600402832,4.1666669845581055,0,0,4.545454502105713,8.69565200805664,4.34782600402832,0,4.34782600402832,0,4.34782600402832,4.34782600402832,4.1666669845581055,0,8.333333969116211,0,0,0,16376,13708,5183,42,0,210321.72705078125,15660.660522460938,265.5999755859375,33336799232,0,6228410368,0
200,1771908833751,967,400,1153,400,2493,2455,2401,2494,2399,2212,2311,2398,400,667,478,766,963,731,3700,460,3.846153974533081,0,11.111111640930176,0,3.846153974533081,0,0,0,0,0,3.846153974533081,3.7037036418914795,18.518518447875977,3.7037036418914795,33.333335876464844,46.153846740722656,57.142860412597656,0,14.814814567565918,0,0,16376,13708,8933,45,90,210324.6671142578,15662.063049316406,265.5999755859375,33336799232,0,6274629632,0
20,1771908833951,967,400,1153,400,2493,2455,2401,2494,2399,2212,2311,2398,400,667,478,766,963,731,3700,460,0,0,0,0,0,4.761904716491699,0,0,4.761904716491699,0,0,0,0,0,4.761904716491699,84.21052551269531,42.105262756347656,0,5.555555820465088,0,0,16376,13708,15920,44,32,210327.36755371094,15663.198547363281,265.5999755859375,33336799232,0,6284689408,0
