Delta,Time,CPU_FREQUENCY_0,CPU_FREQUENCY_1,CPU_FREQUENCY_10,CPU_FREQUENCY_11,CPU_FREQUENCY_12,CPU_FREQUENCY_13,CPU_FREQUENCY_14,CPU_FREQUENCY_15,CPU_FREQUENCY_16,CPU_FREQUENCY_17,CPU_FREQUENCY_18,CPU_FREQUENCY_19,CPU_FREQUENCY_2,CPU_FREQUENCY_3,CPU_FREQUENCY_4,CPU_FREQUENCY_5,CPU_FREQUENCY_6,CPU_FREQUENCY_7,CPU_FREQUENCY_8,CPU_FREQUENCY_9,CPU_USAGE_0,CPU_USAGE_1,CPU_USAGE_10,CPU_USAGE_11,CPU_USAGE_12,CPU_USAGE_13,CPU_USAGE_14,CPU_USAGE_15,CPU_USAGE_16,CPU_USAGE_17,CPU_USAGE_18,CPU_USAGE_19,CPU_USAGE_2,CPU_USAGE_3,CPU_USAGE_4,CPU_USAGE_5,CPU_USAGE_6,CPU_USAGE_7,CPU_USAGE_8,CPU_USAGE_9,DRAM_ENERGY (J),GPU0_MEMORY_TOTAL,GPU0_MEMORY_USED,GPU0_POWER (mWatts),GPU0_TEMPERATURE,GPU0_USAGE,PACKAGE_ENERGY (J),PP0_ENERGY (J),PP1_ENERGY (J),TOTAL_MEMORY,TOTAL_SWAP,USED_MEMORY,USED_SWAP
0,1771903261187,559,400,400,400,399,2327,2342,2174,1139,2375,2369,1947,1142,400,399,400,3700,400,400,400,0,0,21.7391300201416,0,9.090909004211426,0,8.333333969116211,0,13.043478012084961,9.090909004211426,4.545454502105713,4.545454502105713,9.090909004211426,4.545454502105713,8.69565200805664,4.34782600402832,14.285715103149414,4.545454502105713,9.090909004211426,0,0,16376,13708,5033,42,0,167584.62890625,12365.428527832031,264.91204833984375,33336799232,0,6264811520,0
200,1771903261187,559,400,400,400,399,2327,2342,2174,1139,2375,2369,1947,1142,400,399,400,3700,400,400,400,0,0,21.7391300201416,0,9.090909004211426,0,8.333333969116211,0,13.043478012084961,9.090909004211426,4.545454502105713,4.545454502105713,9.090909004211426,4.545454502105713,8.69565200805664,4.34782600402832,14.285715103149414,4.545454502105713,9.090909004211426,0,0,16376,13708,5159,42,0,167584.86206054688,12365.487182617188,264.91204833984375,33336799232,0,6265634816,0
200,1771903261388,559,400,400,400,399,2327,2342,2174,1139,2375,2369,1947,1142,400,399,400,3700,400,400,400,0,0,3.5714287757873535,0,3.5714287757873535,3.5714287757873535,0,10.714285850524902,7.142857551574707,7.142857551574707,0,0,14.285715103149414,3.5714287757873535,0,0,77.77777862548828,0,0,0,0,16376,13708,11694,44,92,167587.35864257813,12366.45751953125,264.91204833984375,33336799232,0,6278418432,0
25,1771903261588,559,400,400,400,399,2327,2342,2174,1139,2375,2369,1947,1142,400,399,400,3700,400,400,400,4.761904716491699,0,15.000000953674316,0,0,0,0,0,0,4.761904716491699,0,0,0,0,4.761904716491699,0,55,0,0,0,0,16376,13708,17719,45,0,167589.470703125,12366.993957519531,264.91204833984375,33336799232,0,6286888960,0
